{
  "bottles": [
    {
      "id": 1756723969117,
      "ownerId": 1756390981907,
      "ownerName": "Romanus",
      "ownerAvatar": "https://sysuzngcxy-1322240898.cos.ap-guangzhou.myqcloud.com/UserImage/1756390981907/1756390997672_cew8sx.jpg",
      "text": "活捉一只学长",
      "photo": "https://sysuzngcxy-1322240898.cos.ap-guangzhou.myqcloud.com/Bottle/1756390981907__romanus/1756723967839_o1k4n6.jpg",
      "uploadTime": 1756723969117,
      "picks": [
        {
          "userId": 1756254066839,
          "pickTime": 1756778259909
        },
        {
          "userId": 1756215557601,
          "pickTime": 1757416770002
        }
      ]
    },
    {
      "id": 1756723956091,
      "ownerId": 1756390981907,
      "ownerName": "Romanus",
      "ownerAvatar": "https://sysuzngcxy-1322240898.cos.ap-guangzhou.myqcloud.com/UserImage/1756390981907/1756390997672_cew8sx.jpg",
      "text": "",
      "photo": "https://sysuzngcxy-1322240898.cos.ap-guangzhou.myqcloud.com/Bottle/1756390981907__romanus/1756723953850_0jrq27.jpg",
      "uploadTime": 1756723956091,
      "picks": [
        {
          "userId": 1756254066839,
          "pickTime": 1756779563510
        },
        {
          "userId": 1756954986529,
          "pickTime": 1756961837321
        },
        {
          "userId": 1756215557601,
          "pickTime": 1757416760404
        }
      ]
    },
    {
      "id": 1756616889186,
      "ownerId": 1756345435360,
      "ownerName": "zhuym58",
      "ownerAvatar": "https://sysuzngcxy-1322240898.cos.ap-guangzhou.myqcloud.com/UserImage/1756345435360/1756345470732_3alifx.jpg",
      "text": "真的好难走啊…",
      "photo": "https://sysuzngcxy-1322240898.cos.ap-guangzhou.myqcloud.com/Bottle/1756345435360__zhuym58/1756616887032_vmxn6u.jpg",
      "uploadTime": 1756616889186,
      "picks": [
        {
          "userId": 1756220292261,
          "pickTime": 1756684888758
        },
        {
          "userId": 1756215557601,
          "pickTime": 1757416755133
        }
      ]
    },
    {
      "id": 1756381212801,
      "ownerId": 1756281042277,
      "ownerName": "tsumugi",
      "ownerAvatar": "https://sysuzngcxy-1322240898.cos.ap-guangzhou.myqcloud.com/UserImage/1756281042277/1756281063701_3ne2tl.jpg",
      "text": "",
      "photo": "https://sysuzngcxy-1322240898.cos.ap-guangzhou.myqcloud.com/Bottle/1756281042277__tsumugi/1756381210638_36lp55.jpg",
      "uploadTime": 1756381212801,
      "picks": [
        {
          "userId": 1756258184684,
          "pickTime": 1756381469098
        },
        {
          "userId": 1756215557601,
          "pickTime": 1756537082914
        },
        {
          "userId": 1756281680104,
          "pickTime": 1756633626989
        },
        {
          "userId": 1756220292261,
          "pickTime": 1756684872358
        },
        {
          "userId": 1756954986529,
          "pickTime": 1756961847091
        },
        {
          "userId": 1756215189812,
          "pickTime": 1757667053426
        }
      ]
    },
    {
      "id": 1756360456795,
      "ownerId": 1756258184684,
      "ownerName": "babyQ",
      "ownerAvatar": "https://sysuzngcxy-1322240898.cos.ap-guangzhou.myqcloud.com/UserImage/1756258184684/1756258248761_v8aqhu.jpg",
      "text": "第一次到达",
      "photo": "https://sysuzngcxy-1322240898.cos.ap-guangzhou.myqcloud.com/Bottle/1756258184684__babyq/1756360453290_ps6p6h.jpg",
      "uploadTime": 1756360456796,
      "picks": [
        {
          "userId": 1756215557601,
          "pickTime": 1756381081277
        },
        {
          "userId": 1756220292261,
          "pickTime": 1756684892442
        },
        {
          "userId": 1756390981907,
          "pickTime": 1756723944336
        }
      ]
    },
    {
      "id": 1756355590855,
      "ownerId": 1756258184684,
      "ownerName": "babyQ",
      "ownerAvatar": "https://sysuzngcxy-1322240898.cos.ap-guangzhou.myqcloud.com/UserImage/1756258184684/1756258248761_v8aqhu.jpg",
      "text": "",
      "photo": "https://sysuzngcxy-1322240898.cos.ap-guangzhou.myqcloud.com/Bottle/1756258184684__babyq/1756355588985_29gr0e.jpg",
      "uploadTime": 1756355590855,
      "picks": [
        {
          "userId": 1755157151150,
          "pickTime": 1756380856847
        },
        {
          "userId": 1756215557601,
          "pickTime": 1756381076585
        },
        {
          "userId": 1756280823378,
          "pickTime": 1756462384435
        },
        {
          "userId": 1756345435360,
          "pickTime": 1756617139894
        },
        {
          "userId": 1756220292261,
          "pickTime": 1756684875412
        },
        {
          "userId": 1756954986529,
          "pickTime": 1756961844402
        }
      ]
    },
    {
      "id": 1756283952952,
      "ownerId": 1756215557601,
      "ownerName": "^^",
      "ownerAvatar": "https://sysuzngcxy-1322240898.cos.ap-guangzhou.myqcloud.com/UserImage/1756215557601/1756215596447_0mvfm5.jpg",
      "text": "\n是被光芒簇拥的正义小姐^^",
      "photo": "https://sysuzngcxy-1322240898.cos.ap-guangzhou.myqcloud.com/Bottle/1756215557601__/1756283951417_2lgwgj.jpg",
      "uploadTime": 1756283952952,
      "picks": [
        {
          "userId": 1756258184684,
          "pickTime": 1756381476323
        },
        {
          "userId": 1756390981907,
          "pickTime": 1756443556677
        },
        {
          "userId": 1756220292261,
          "pickTime": 1756684877721
        },
        {
          "userId": 1756254066839,
          "pickTime": 1756779557495
        },
        {
          "userId": 1756954986529,
          "pickTime": 1756961830315
        },
        {
          "userId": 1756345435360,
          "pickTime": 1757244546371
        }
      ]
    },
    {
      "id": 1756283715785,
      "ownerId": 1756215557601,
      "ownerName": "^^",
      "ownerAvatar": "https://sysuzngcxy-1322240898.cos.ap-guangzhou.myqcloud.com/UserImage/1756215557601/1756215596447_0mvfm5.jpg",
      "text": "",
      "photo": "https://sysuzngcxy-1322240898.cos.ap-guangzhou.myqcloud.com/Bottle/1756215557601__/1756283713949_miy19e.jpg",
      "uploadTime": 1756283715785,
      "picks": [
        {
          "userId": 1756281042277,
          "pickTime": 1756381194353
        },
        {
          "userId": 1756258184684,
          "pickTime": 1756381486276
        },
        {
          "userId": 1756390981907,
          "pickTime": 1756391047540
        },
        {
          "userId": 1756280823378,
          "pickTime": 1756462371560
        },
        {
          "userId": 1756220292261,
          "pickTime": 1756684885411
        },
        {
          "userId": 1756254066839,
          "pickTime": 1756778265805
        },
        {
          "userId": 1756954986529,
          "pickTime": 1756961804808
        }
      ]
    },
    {
      "id": 1756254353859,
      "ownerId": 1756253849131,
      "ownerName": "石头",
      "ownerAvatar": "https://img.yzcdn.cn/vant/user-active.png",
      "text": "今天在西大遇上好天气",
      "photo": "https://sysuzngcxy-1322240898.cos.ap-guangzhou.myqcloud.com/Bottle/1756253849131__/1756254352687_a5vkvz.jpg",
      "uploadTime": 1756254353859,
      "picks": [
        {
          "userId": 1756281680104,
          "pickTime": 1756281795470
        },
        {
          "userId": 1756215557601,
          "pickTime": 1756283956019
        },
        {
          "userId": 1756258184684,
          "pickTime": 1756355552365
        },
        {
          "userId": 1756345435360,
          "pickTime": 1756616891868
        },
        {
          "userId": 1756220292261,
          "pickTime": 1756684863580
        },
        {
          "userId": 1756254066839,
          "pickTime": 1756778037342
        },
        {
          "userId": 1756954986529,
          "pickTime": 1756961841377
        }
      ]
    },
    {
      "id": 1756146952254,
      "ownerId": 1756145047506,
      "ownerName": "SYSUZGXYTJ",
      "ownerAvatar": "https://sysuzngcxy-1322240898.cos.ap-guangzhou.myqcloud.com/UserImage/1756145047506/1756145050957_vmvkr2.jpg",
      "text": "愿你在智工的每一步都有光，校园图鉴与我们在此等你～",
      "photo": "https://sysuzngcxy-1322240898.cos.ap-guangzhou.myqcloud.com/Bottle/1756145047506__sysuzgxytj/1756146951310_trrdp6.jpg",
      "uploadTime": 1756146952254,
      "picks": [
        {
          "userId": 1756145706145,
          "pickTime": 1756146963774
        },
        {
          "userId": 1755157151150,
          "pickTime": 1756197038452
        },
        {
          "userId": 1756253849131,
          "pickTime": 1756254364653
        },
        {
          "userId": 1756215557601,
          "pickTime": 1756283972930
        },
        {
          "userId": 1756381178674,
          "pickTime": 1756381201897
        },
        {
          "userId": 1756281680104,
          "pickTime": 1756633622920
        },
        {
          "userId": 1756220292261,
          "pickTime": 1756684850511
        },
        {
          "userId": 1756390981907,
          "pickTime": 1756723940918
        },
        {
          "userId": 1756954986529,
          "pickTime": 1756961821323
        }
      ]
    },
    {
      "id": 1756146928071,
      "ownerId": 1756145047506,
      "ownerName": "SYSUZGXYTJ",
      "ownerAvatar": "https://sysuzngcxy-1322240898.cos.ap-guangzhou.myqcloud.com/UserImage/1756145047506/1756145050957_vmvkr2.jpg",
      "text": "嗨，新同学！智工迎新·校园图鉴祝你旅程顺遂，记忆常新～",
      "photo": "https://sysuzngcxy-1322240898.cos.ap-guangzhou.myqcloud.com/Bottle/1756145047506__sysuzgxytj/1756146926709_0xsm2l.jpg",
      "uploadTime": 1756146928071,
      "picks": [
        {
          "userId": 1756145706145,
          "pickTime": 1756146960807
        },
        {
          "userId": 1755157151150,
          "pickTime": 1756197040815
        },
        {
          "userId": 1756253849131,
          "pickTime": 1756254361038
        },
        {
          "userId": 1756215557601,
          "pickTime": 1756283728640
        },
        {
          "userId": 1756258184684,
          "pickTime": 1756355543066
        },
        {
          "userId": 1756281042277,
          "pickTime": 1756381181638
        },
        {
          "userId": 1756390981907,
          "pickTime": 1756391035591
        },
        {
          "userId": 1756280823378,
          "pickTime": 1756462359321
        },
        {
          "userId": 1756281680104,
          "pickTime": 1756633613159
        },
        {
          "userId": 1756254066839,
          "pickTime": 1756779560587
        }
      ]
    },
    {
      "id": 1756145814694,
      "ownerId": 1756145047506,
      "ownerName": "SYSUZGXYTJ",
      "ownerAvatar": "https://sysuzngcxy-1322240898.cos.ap-guangzhou.myqcloud.com/UserImage/1756145047506/1756145050957_vmvkr2.jpg",
      "text": "智工迎新活动组校园图鉴开发团队祝每位参与的同学都能收获温暖的记忆，欢迎大家来到智能工程学院～",
      "photo": "https://sysuzngcxy-1322240898.cos.ap-guangzhou.myqcloud.com/Bottle/1756145047506__sysuzgxytj/1756145813279_kp72by.jpg",
      "uploadTime": 1756145814694,
      "picks": [
        {
          "userId": 1756145706145,
          "pickTime": 1756145825925
        },
        {
          "userId": 1755157151150,
          "pickTime": 1756197035214
        },
        {
          "userId": 1756253849131,
          "pickTime": 1756254357838
        },
        {
          "userId": 1756215557601,
          "pickTime": 1756283721235
        },
        {
          "userId": 1756258184684,
          "pickTime": 1756381458435
        },
        {
          "userId": 1756280823378,
          "pickTime": 1756462397889
        },
        {
          "userId": 1756345435360,
          "pickTime": 1756617131994
        },
        {
          "userId": 1756220292261,
          "pickTime": 1756684882108
        },
        {
          "userId": 1756254066839,
          "pickTime": 1756778256573
        }
      ]
    }
  ]
}